{
  "lgbm": {
    "accuracy": 0.9769016328156113,
    "precision": 0.9449760765550239,
    "recall": 0.9186046511627907,
    "f1": 0.9316037735849056,
    "auc_roc": 0.9934825609333616,
    "auc_pr": 0.9784533575672268
  },
  "lr": {
    "accuracy": 0.9765033851055357,
    "precision": 0.9491525423728814,
    "recall": 0.9116279069767442,
    "f1": 0.930011862396204,
    "auc_roc": 0.9931137758009901,
    "auc_pr": 0.9761372152313165
  }
}