{
  "lgbm": 0.7522653800833425,
  "lr": 0.8691938569801673
}